{
    "baseIndentSize": 0,
    "indentSize": 4,
    "tabSize": 4,
    "indentStyle": 2,
    "newLineCharacter": "\n",
    "convertTabsToSpaces": true,
    "insertSpaceAfterCommaDelimiter": true,
    "insertSpaceAfterSemicolonInForStatements": true,
    "insertSpaceBeforeAndAfterBinaryOperators": true,
    "insertSpaceAfterConstructor": false,
    "insertSpaceAfterKeywordsInControlFlowStatements": true,
    "insertSpaceAfterFunctionKeywordForAnonymousFunctions": true,
    "insertSpaceAfterOpeningAndBeforeClosingNonemptyParenthesis": false,
    "insertSpaceAfterOpeningAndBeforeClosingNonemptyBrackets": false,
    "insertSpaceAfterOpeningAndBeforeClosingNonemptyBraces": true,
    "insertSpaceAfterOpeningAndBeforeClosingTemplateStringBraces": false,
    "insertSpaceAfterOpeningAndBeforeClosingJsxExpressionBraces": false,
    "insertSpaceAfterTypeAssertion": false,
    "insertSpaceBeforeFunctionParenthesis": false,
    "placeOpenBraceOnNewLineForFunctions": false,
    "placeOpenBraceOnNewLineForControlBlocks": false
}
